[
	{"name": "American Samoa", "nameEn": "American Samoa"},
	{"name": "Andorra", "nameEn": "Andorra"},
	{"name": "Angola", "nameEn": "Angola"},
	{"name": "Anguilla", "nameEn": "Anguilla"},
	{"name": "Antarctica", "nameEn": "Antarctica"},
	{"name": "Antigua and Barbuda", "nameEn": "Antigua and Barbuda"},
	{"name": "Argentina", "nameEn": "Argentina"},
	{"name": "Aruba", "nameEn": "Aruba"},
	{"name": "Australia", "nameEn": "Australia"},
	{"name": "Azərbaycan", "nameEn": "Azerbaijan"},
	{"name": "Åland", "nameEn": "Åland Islands"},
	{"name": "Bahamas", "nameEn": "Bahamas"},
	{"name": "Barbados", "nameEn": "Barbados"},
	{"name": "België", "nameEn": "Belgium"},
	{"name": "Belize", "nameEn": "Belize"},
	{"name": "Bénin", "nameEn": "Benin"},
	{"name": "Bermuda", "nameEn": "Bermuda"},
	{"name": "Bolivia", "nameEn": "Bolivia"},
	{"name": "Bosna i Hercegovina", "nameEn": "Bosnia and Herzegovina"},
	{"name": "Botswana", "nameEn": "Botswana"},
	{"name": "Bouvet Island", "nameEn": "Bouvet Island"},
	{"name": "Brasil", "nameEn": "Brazil"},
	{"name": "British Indian Ocean Territory", "nameEn": "British Indian Ocean Territory"},
	{"name": "British Virgin Islands", "nameEn": "British Virgin Islands"},
	{"name": "Brunei", "nameEn": "Brunei Darussalam"},
	{"name": "Burkina Faso", "nameEn": "Burkina Faso"},
	{"name": "Burundi", "nameEn": "Burundi"},
	{"name": "Cabo Verde", "nameEn": "Cape Verde"},
	{"name": "Cameroun", "nameEn": "Cameroon"},
	{"name": "Canada", "nameEn": "Canada"},
	{"name": "Cayman Islands", "nameEn": "Cayman Islands"},
	{"name": "Chile", "nameEn": "Chile"},
	{"name": "Christmas Island", "nameEn": "Christmas Island"},
	{"name": "Città del Vaticano", "nameEn": "Holy See (Vatican City State)"},
	{"name": "Cocos (Keeling) Islands", "nameEn": "Cocos (Keeling) Islands"},
	{"name": "Colombia", "nameEn": "Colombia"},
	{"name": "Congo", "nameEn": "Congo"},
	{"name": "Cook Islands", "nameEn": "Cook Islands"},
	{"name": "Costa Rica", "nameEn": "Costa Rica"},
	{"name": "Côte d'Ivoire", "nameEn": "Côte d'Ivoire"},
	{"name": "Crna Gora", "nameEn": "Montenegro"},
	{"name": "Cuba", "nameEn": "Cuba"},
	{"name": "Curaçao", "nameEn": "Curaçao"},
	{"name": "Česká republika", "nameEn": "Czech Republic"},
	{"name": "Danmark", "nameEn": "Denmark"},
	{"name": "Deutschland", "nameEn": "Germany"},
	{"name": "Djibouti", "nameEn": "Djibouti"},
	{"name": "Dominica", "nameEn": "Dominica"},
	{"name": "Ecuador", "nameEn": "Ecuador"},
	{"name": "Eesti", "nameEn": "Estonia"},
	{"name": "El Salvador", "nameEn": "El Salvador"},
	{"name": "España", "nameEn": "Spain"},
	{"name": "Eswatini", "nameEn": "Eswatini"},
	{"name": "Éire", "nameEn": "Ireland"},
	{"name": "Falkland Islands", "nameEn": "Falkland Islands (Malvinas)"},
	{"name": "Fiji", "nameEn": "Fiji"},
	{"name": "France", "nameEn": "France"},
	{"name": "French Southern Territories", "nameEn": "French Southern Territories"},
	{"name": "Føroyar", "nameEn": "Faroe Islands"},
	{"name": "Gabon", "nameEn": "Gabon"},
	{"name": "Gambia", "nameEn": "Gambia"},
	{"name": "Ghana", "nameEn": "Ghana"},
	{"name": "Gibraltar", "nameEn": "Gibraltar"},
	{"name": "Grenada", "nameEn": "Grenada"},
	{"name": "Guadeloupe", "nameEn": "Guadeloupe"},
	{"name": "Guam", "nameEn": "Guam"},
	{"name": "Guatemala", "nameEn": "Guatemala"},
	{"name": "Guernsey", "nameEn": "Guernsey"},
	{"name": "Guinea Ecuatorial", "nameEn": "Equatorial Guinea"},
	{"name": "Guiné-Bissau", "nameEn": "Guinea-Bissau"},
	{"name": "Guinée", "nameEn": "Guinea"},
	{"name": "Guyana", "nameEn": "Guyana"},
	{"name": "Guyane française", "nameEn": "French Guiana"},
	{"name": "Haïti", "nameEn": "Haiti"},
	{"name": "Heard Island and McDonald Islands", "nameEn": "Heard Island and McDonald Islands"},
	{"name": "Honduras", "nameEn": "Honduras"},
	{"name": "Hrvatska", "nameEn": "Croatia"},
	{"name": "Indonesia", "nameEn": "Indonesia"},
	{"name": "Isle of Man", "nameEn": "Isle of Man"},
	{"name": "Italia", "nameEn": "Italy"},
	{"name": "Ísland", "nameEn": "Iceland"},
	{"name": "Jamaica", "nameEn": "Jamaica"},
	{"name": "Jersey", "nameEn": "Jersey"},
	{"name": "Kalaallit Nunaat", "nameEn": "Greenland"},
	{"name": "Kenya", "nameEn": "Kenya"},
	{"name": "Kiribati", "nameEn": "Kiribati"},
	{"name": "Komori", "nameEn": "Comoros"},
	{"name": "La Réunion", "nameEn": "Réunion"},
	{"name": "Latvija", "nameEn": "Latvia"},
	{"name": "Lesotho", "nameEn": "Lesotho"},
	{"name": "Liberia", "nameEn": "Liberia"},
	{"name": "Liechtenstein", "nameEn": "Liechtenstein"},
	{"name": "Lietuva", "nameEn": "Lithuania"},
	{"name": "Luxembourg", "nameEn": "Luxembourg"},
	{"name": "Madagasikara", "nameEn": "Madagascar"},
	{"name": "Magyarország", "nameEn": "Hungary"},
	{"name": "Malawi", "nameEn": "Malawi"},
	{"name": "Malaysia", "nameEn": "Malaysia"},
	{"name": "Mali", "nameEn": "Mali"},
	{"name": "Malta", "nameEn": "Malta"},
	{"name": "Marshall Islands", "nameEn": "Marshall Islands"},
	{"name": "Martinique", "nameEn": "Martinique"},
	{"name": "Maurice", "nameEn": "Mauritius"},
	{"name": "Mayotte", "nameEn": "Mayotte"},
	{"name": "México", "nameEn": "Mexico"},
	{"name": "Micronesia", "nameEn": "Micronesia"},
	{"name": "Moçambique", "nameEn": "Mozambique"},
	{"name": "Moldova", "nameEn": "Moldova"},
	{"name": "Monaco", "nameEn": "Monaco"},
	{"name": "Montserrat", "nameEn": "Montserrat"},
	{"name": "Namibia", "nameEn": "Namibia"},
	{"name": "Nauru", "nameEn": "Nauru"},
	{"name": "Nederland", "nameEn": "Netherlands"},
	{"name": "Nederlandse Antillen", "nameEn": "Netherlands Antilles"},
	{"name": "New Zealand", "nameEn": "New Zealand"},
	{"name": "Nicaragua", "nameEn": "Nicaragua"},
	{"name": "Niger", "nameEn": "Niger"},
	{"name": "Nigeria", "nameEn": "Nigeria"},
	{"name": "Niue", "nameEn": "Niue"},
	{"name": "Norfolk Island", "nameEn": "Norfolk Island"},
	{"name": "Norge", "nameEn": "Norway"},
	{"name": "Northern Mariana Islands", "nameEn": "Northern Mariana Islands"},
	{"name": "Nouvelle-Calédonie", "nameEn": "New Caledonia"},
	{"name": "Oʻzbekiston", "nameEn": "Uzbekistan"},
	{"name": "Österreich", "nameEn": "Austria"},
	{"name": "Palau", "nameEn": "Palau"},
	{"name": "Panamá", "nameEn": "Panama"},
	{"name": "Papua New Guinea", "nameEn": "Papua New Guinea"},
	{"name": "Paraguay", "nameEn": "Paraguay"},
	{"name": "Perú", "nameEn": "Peru"},
	{"name": "Pilipinas", "nameEn": "Philippines"},
	{"name": "Pitcairn", "nameEn": "Pitcairn"},
	{"name": "Polska", "nameEn": "Poland"},
	{"name": "Polynésie française", "nameEn": "French Polynesia"},
	{"name": "Portugal", "nameEn": "Portugal"},
	{"name": "Puerto Rico", "nameEn": "Puerto Rico"},
	{"name": "República Dominicana", "nameEn": "Dominican Republic"},
	{"name": "République centrafricaine", "nameEn": "Central African Republic"},
	{"name": "République démocratique du Congo", "nameEn": "Congo, The Democratic Republic of the"},
	{"name": "România", "nameEn": "Romania"},
	{"name": "Rwanda", "nameEn": "Rwanda"},
	{"name": "Saint Helena", "nameEn": "Saint Helena"},
	{"name": "Saint Kitts and Nevis", "nameEn": "Saint Kitts and Nevis"},
	{"name": "Saint Lucia", "nameEn": "Saint Lucia"},
	{"name": "Saint Vincent and the Grenadines", "nameEn": "Saint Vincent and the Grenadines"},
	{"name": "Saint-Pierre-et-Miquelon", "nameEn": "Saint Pierre and Miquelon"},
	{"name": "Samoa", "nameEn": "Samoa"},
	{"name": "San Marino", "nameEn": "San Marino"},
	{"name": "São Tomé e Príncipe", "nameEn": "São Tomé and Príncipe"},
	{"name": "Schweiz", "nameEn": "Switzerland"},
	{"name": "Sénégal", "nameEn": "Senegal"},
	{"name": "Seychelles", "nameEn": "Seychelles"},
	{"name": "Shqipëria", "nameEn": "Albania"},
	{"name": "Sierra Leone", "nameEn": "Sierra Leone"},
	{"name": "Singapore", "nameEn": "Singapore"},
	{"name": "Sint Maarten", "nameEn": "Sint Maarten"},
	{"name": "Slovenija", "nameEn": "Slovenia"},
	{"name": "Slovensko", "nameEn": "Slovakia"},
	{"name": "Solomon Islands", "nameEn": "Solomon Islands"},
	{"name": "Soomaaliya", "nameEn": "Somalia"},
	{"name": "South Africa", "nameEn": "South Africa"},
	{"name": "South Georgia and the South Sandwich Islands", "nameEn": "South Georgia and the South Sandwich Islands"},
	{"name": "South Sudan", "nameEn": "South Sudan"},
	{"name": "Suomi", "nameEn": "Finland"},
	{"name": "Suriname", "nameEn": "Suriname"},
	{"name": "Svalbard og Jan Mayen", "nameEn": "Svalbard and Jan Mayen"},
	{"name": "Sverige", "nameEn": "Sweden"},
	{"name": "Tanzania", "nameEn": "Tanzania"},
	{"name": "Tchad", "nameEn": "Chad"},
	{"name": "Timor-Leste", "nameEn": "Timor-Leste"},
	{"name": "Togo", "nameEn": "Togo"},
	{"name": "Tokelau", "nameEn": "Tokelau"},
	{"name": "Tonga", "nameEn": "Tonga"},
	{"name": "Trinidad and Tobago", "nameEn": "Trinidad and Tobago"},
	{"name": "Türkiye", "nameEn": "Turkey"},
	{"name": "Türkmenistan", "nameEn": "Turkmenistan"},
	{"name": "Turks and Caicos Islands", "nameEn": "Turks and Caicos Islands"},
	{"name": "Tuvalu", "nameEn": "Tuvalu"},
	{"name": "U.S. Virgin Islands", "nameEn": "U.S. Virgin Islands"},
	{"name": "Uganda", "nameEn": "Uganda"},
	{"name": "United Kingdom", "nameEn": "United Kingdom"},
	{"name": "United States", "nameEn": "United States"},
	{"name": "United States Minor Outlying Islands", "nameEn": "United States Minor Outlying Islands"},
	{"name": "Uruguay", "nameEn": "Uruguay"},
	{"name": "Vanuatu", "nameEn": "Vanuatu"},
	{"name": "Venezuela", "nameEn": "Venezuela"},
	{"name": "Việt Nam", "nameEn": "Vietnam"},
	{"name": "Wallis-et-Futuna", "nameEn": "Wallis and Futuna"},
	{"name": "Zambia", "nameEn": "Zambia"},
	{"name": "Zimbabwe", "nameEn": "Zimbabwe"},
	{"name": "Ελλάδα", "nameEn": "Greece"},
	{"name": "Беларусь", "nameEn": "Belarus"},
	{"name": "България", "nameEn": "Bulgaria"},
	{"name": "Кыргызстан", "nameEn": "Kyrgyzstan"},
	{"name": "Монгол улс", "nameEn": "Mongolia"},
	{"name": "Россия", "nameEn": "Russia"},
	{"name": "Северна Македонија", "nameEn": "North Macedonia"},
	{"name": "Србија", "nameEn": "Serbia"},
	{"name": "Тоҷикистон", "nameEn": "Tajikistan"},
	{"name": "Україна", "nameEn": "Ukraine"},
	{"name": "Қазақстан", "nameEn": "Kazakhstan"},
	{"name": "Հայաdelays", "nameEn": "Armenia"},
	{"name": "საქართველო", "nameEn": "Georgia"},
	{"name": "ישראל", "nameEn": "Israel"},
	{"name": "افغانستان", "nameEn": "Afghanistan"},
	{"name": "الأردن", "nameEn": "Jordan"},
	{"name": "الإمارات العربية المتحدة", "nameEn": "United Arab Emirates"},
	{"name": "البحرين", "nameEn": "Bahrain"},
	{"name": "الجزائر", "nameEn": "Algeria"},
	{"name": "السودان", "nameEn": "Sudan"},
	{"name": "الصحراء الغربية", "nameEn": "Western Sahara"},
	{"name": "العراق", "nameEn": "Iraq"},
	{"name": "الكويت", "nameEn": "Kuwait"},
	{"name": "المغرب", "nameEn": "Morocco"},
	{"name": "المملكة العربية السعودية", "nameEn": "Saudi Arabia"},
	{"name": "اليمن", "nameEn": "Yemen"},
	{"name": "ایران", "nameEn": "Iran"},
	{"name": "تونس", "nameEn": "Tunisia"},
	{"name": "سوريا", "nameEn": "Syria"},
	{"name": "عُمان", "nameEn": "Oman"},
	{"name": "فلسطين", "nameEn": "Palestine"},
	{"name": "قطر", "nameEn": "Qatar"},
	{"name": "لبنان", "nameEn": "Lebanon"},
	{"name": "ليبيا", "nameEn": "Libya"},
	{"name": "مصر", "nameEn": "Egypt"},
	{"name": "موريتانيا", "nameEn": "Mauritania"},
	{"name": "پاکستان", "nameEn": "Pakistan"},
	{"name": "ދިވެހިރާއްޖެ", "nameEn": "Maldives"},
	{"name": "नेपाल", "nameEn": "Nepal"},
	{"name": "भारत", "nameEn": "India"},
	{"name": "বাংলাদেশ", "nameEn": "Bangladesh"},
	{"name": "ශ්‍රී ලංකාව", "nameEn": "Sri Lanka"},
	{"name": "ประเทศไทย", "nameEn": "Thailand"},
	{"name": "ລາວ", "nameEn": "Laos"},
	{"name": "မြန်မာ", "nameEn": "Myanmar"},
	{"name": "កម្ពុជា", "nameEn": "Cambodia"},
	{"name": "中国", "nameEn": "China"},
	{"name": "日本", "nameEn": "Japan"},
	{"name": "臺灣", "nameEn": "Taiwan"},
	{"name": "香港", "nameEn": "Hong Kong"},
	{"name": "澳門", "nameEn": "Macao"},
	{"name": "대한민국", "nameEn": "South Korea"},
	{"name": "조선민주주의인민공화국", "nameEn": "North Korea"},
	{"name": "འབྲུག", "nameEn": "Bhutan"},
	{"name": "ኢትዮጵያ", "nameEn": "Ethiopia"},
	{"name": "ኤርትራ", "nameEn": "Eritrea"},
	{"name": "Κύπρος", "nameEn": "Cyprus"}
]
